{
    "train_loss": [
        0.309916762605546,
        0.2320471896183869,
        0.2194872002989527,
        0.24348712405042042,
        0.21639981120824814,
        0.17365970166902694,
        0.19042564201213064,
        0.2017304440812459,
        0.19356061122010623,
        0.17464339842517224,
        0.1580197172505515,
        0.1795736736957989,
        0.17295235034728806,
        0.16725703701376915,
        0.15867504651939113,
        0.1498811629319948,
        0.15385026218635695,
        0.16951658987691479,
        0.1454103376184191,
        0.15568557961119545
    ],
    "train_acc": [
        86.64349553128103,
        90.81429990069513,
        91.31082423038728,
        89.92055610724925,
        91.01290963257199,
        93.09831181727904,
        92.35352532274081,
        91.21151936444886,
        92.50248262164845,
        93.24726911618669,
        93.84309831181729,
        93.04865938430983,
        92.75074478649454,
        93.24726911618669,
        93.84309831181729,
        94.04170804369414,
        94.04170804369414,
        92.89970208540218,
        94.04170804369414,
        93.8927507447865
    ],
    "val_loss": [
        0.18749269105804464,
        0.13878385518910363,
        0.054638080686951675,
        0.18413210487536466,
        0.08522252532808731,
        0.08212545949694079,
        0.038163884775713086,
        0.07389743342840423,
        0.09930660043998311,
        0.06969660863978788,
        0.046805516234599054,
        0.09429553172473486,
        0.09520908990331615,
        0.10202088919080173,
        0.050560327499018363,
        0.06917036360634181,
        0.06912124396573442,
        0.09245098545216024,
        0.0826416035464111,
        0.06095698299274469
    ],
    "val_acc": [
        94.10187667560322,
        95.97855227882037,
        98.65951742627345,
        92.22520107238606,
        97.58713136729223,
        97.31903485254692,
        99.19571045576407,
        98.39142091152814,
        97.05093833780161,
        97.85522788203754,
        98.65951742627345,
        96.7828418230563,
        96.7828418230563,
        96.7828418230563,
        98.39142091152814,
        98.12332439678285,
        97.58713136729223,
        97.05093833780161,
        97.31903485254692,
        98.12332439678285
    ]
}