{
    "train_loss": [
        0.35440206847020556,
        0.21728665541325295,
        0.15938985321138585,
        0.18668224556105478,
        0.18181522226049787,
        0.17722979374229908,
        0.1752065751878988,
        0.16794544192297117,
        0.17252984465587706,
        0.1623996143184957,
        0.14950499541702725,
        0.1470425690391234,
        0.13277028838083857,
        0.12998687271915732,
        0.14366666249753463,
        0.14581566658757983,
        0.14547075353385436,
        0.15525264696528515,
        0.1543210121758637,
        0.12432811657587688
    ],
    "train_acc": [
        84.35171385991057,
        91.28166915052161,
        93.88971684053651,
        92.25037257824143,
        92.39940387481371,
        92.99552906110283,
        93.81520119225037,
        92.99552906110283,
        93.5171385991058,
        92.99552906110283,
        94.93293591654248,
        94.33681073025335,
        94.78390461997019,
        94.85842026825634,
        94.48584202682564,
        93.96423248882266,
        93.88971684053651,
        93.74068554396423,
        93.59165424739196,
        95.23099850968704
    ],
    "val_loss": [
        0.14339273003861308,
        0.16651776066282764,
        0.11188210762338713,
        0.21967249592125881,
        0.1941622686063056,
        0.15284330435679294,
        0.08600233390461653,
        0.2094854268434574,
        0.09042034056619741,
        0.08832678155158646,
        0.10809991309361067,
        0.08505796064855531,
        0.10846788332855795,
        0.11820414551038994,
        0.06955093124997802,
        0.08410534595896024,
        0.0848436272208346,
        0.07424414434353821,
        0.10882215667515993,
        0.10380550372065045
    ],
    "val_acc": [
        96.21848739495799,
        92.85714285714286,
        95.7983193277311,
        91.17647058823529,
        93.27731092436974,
        93.27731092436974,
        97.89915966386555,
        92.01680672268908,
        96.63865546218487,
        96.63865546218487,
        96.63865546218487,
        97.05882352941177,
        97.05882352941177,
        95.7983193277311,
        97.89915966386555,
        97.05882352941177,
        97.05882352941177,
        97.89915966386555,
        96.21848739495799,
        97.05882352941177
    ]
}