{
    "train_loss": [
        0.36236264978377325,
        0.26798995211720467,
        0.23714798941927137,
        0.23257071510800775,
        0.22000067793535735,
        0.21183424428948816,
        0.2312229022664844,
        0.20602594941573324,
        0.20578572210275903,
        0.19411481038298248
    ],
    "train_acc": [
        84.10438908659549,
        88.73072360616844,
        89.6797153024911,
        90.33214709371293,
        91.22182680901543,
        90.86595492289443,
        90.39145907473309,
        91.63701067615658,
        91.81494661921708,
        92.40806642941874
    ],
    "val_loss": [
        0.09747396223247051,
        0.07280666399747134,
        0.18622252813074738,
        0.0841116804163903,
        0.12204766878858209,
        0.12163000600412488,
        0.07002916093915701,
        0.09881407404318451,
        0.07074605198577047,
        0.09409162770025432
    ],
    "val_acc": [
        97.77070063694268,
        98.08917197452229,
        92.03821656050955,
        96.81528662420382,
        96.17834394904459,
        95.85987261146497,
        97.77070063694268,
        96.4968152866242,
        97.77070063694268,
        96.4968152866242
    ]
}